t,x,v
0.0,1.9944180755998966,0.02681812910457886
0.02002002002002002,2.0045085185820857,-0.20184828796863494
0.04004004004004004,1.9902522136029246,-0.4076271564254833
0.06006006006006006,1.978072324997984,-0.5789401180107301
0.08008008008008008,1.9626002279564576,-0.7900214964514696
0.10010010010010009,1.9504672173217688,-0.9716641058513417
0.12012012012012012,1.934889963286695,-1.1493013148763649
0.14014014014014015,1.901317368572524,-1.332144371788286
0.16016016016016016,1.8629545156217189,-1.5138351389680182
0.18018018018018017,1.8452154160441496,-1.6846589034392683
0.20020020020020018,1.8066983500779528,-1.8308319190623836
0.22022022022022023,1.7763461287969606,-1.986549746704608
0.24024024024024024,1.7360499883517737,-2.171286261915874
0.2602602602602603,1.6925940964569335,-2.29553385097728
0.2802802802802803,1.6361980011017732,-2.4384533403701987
0.3003003003003003,1.5848129439617984,-2.592850400187897
0.3203203203203203,1.5254086266953395,-2.7102755498336784
0.34034034034034033,1.4778807295947332,-2.822685659704692
0.36036036036036034,1.429500561463018,-2.958857976668563
0.38038038038038036,1.3559955044469651,-3.0413979965067557
0.40040040040040037,1.2998858000175393,-3.152582777653106
0.42042042042042044,1.2366763569481292,-3.265624443433451
0.44044044044044045,1.167725821317683,-3.334409004754121
0.46046046046046046,1.0966340287218872,-3.427593690253564
0.4804804804804805,1.0340166627298142,-3.5178388428205913
0.5005005005005005,0.9638670670798294,-3.5669844881194472
0.5205205205205206,0.8897536608176341,-3.6104885127672652
0.5405405405405406,0.8181272135487497,-3.6666447580620356
0.5605605605605606,0.7404435498343017,-3.695381334361537
0.5805805805805806,0.6571516145720966,-3.7496423495882687
0.6006006006006006,0.592982741831682,-3.7715626871912584
0.6206206206206206,0.5142379298386396,-3.7729402879149623
0.6406406406406406,0.43902114716187657,-3.7971909448411165
0.6606606606606606,0.3620002991897623,-3.7900147866897247
0.6806806806806807,0.2889610699633662,-3.7924253637660925
0.7007007007007007,0.20880024391533955,-3.7693787325626857
0.7207207207207207,0.13743730427046785,-3.7464044346152794
0.7407407407407407,0.06364855673679103,-3.7206882049997434
0.7607607607607607,-0.012106959213146137,-3.6991262339809947
0.7807807807807807,-0.08578427804795101,-3.657067314992953
0.8008008008008007,-0.1602305496139462,-3.607604921300518
0.8208208208208209,-0.22879758713114434,-3.5702910235768672
0.8408408408408409,-0.29925308439784953,-3.4834863619722944
0.8608608608608609,-0.3724746839791986,-3.4256596382848015
0.8808808808808809,-0.4395304266798702,-3.3376989360393887
0.9009009009009009,-0.5020409088894636,-3.265868811859957
0.9209209209209209,-0.571409500471464,-3.1748497370940845
0.9409409409409409,-0.6383823206160678,-3.0857684991432976
0.960960960960961,-0.6806712367499839,-2.99393601795092
0.980980980980981,-0.7611724550134645,-2.8758588034921764
1.001001001001001,-0.80790297738773,-2.783096099401012
1.021021021021021,-0.8573296096865947,-2.675702902673481
1.0410410410410411,-0.9124032677914756,-2.5581884872361362
1.0610610610610611,-0.9552709280183774,-2.440279506931484
1.0810810810810811,-1.0258847359360592,-2.3067189388485176
1.1011011011011012,-1.057547458990536,-2.1901281226585074
1.1211211211211212,-1.0954614337441033,-2.0418879367127363
1.1411411411411412,-1.134829239354911,-1.9393852360513404
1.1611611611611612,-1.175661959456903,-1.7846429225257812
1.1811811811811812,-1.2126003103404437,-1.66043684570699
1.2012012012012012,-1.2466579980596646,-1.5332851743458507
1.2212212212212212,-1.2642416896789106,-1.3676413062331982
1.2412412412412412,-1.2932350868422717,-1.245692275168907
1.2612612612612613,-1.3184737517594187,-1.085682435807346
1.2812812812812813,-1.3408257393150835,-0.9547575795311599
1.3013013013013013,-1.3590766307686408,-0.8004373928141941
1.3213213213213213,-1.3770174585324497,-0.651472906793738
1.3413413413413413,-1.3876611535388457,-0.5290927364578658
1.3613613613613613,-1.3971860946687602,-0.3660857823892469
1.3813813813813813,-1.3954822067296628,-0.21810901954462708
1.4014014014014013,-1.40424628043159,-0.09335640301706309
1.4214214214214214,-1.406016408391969,0.056233987713320714
1.4414414414414414,-1.393534297914486,0.2026527188824839
1.4614614614614614,-1.400664988040681,0.33731928816008455
1.4814814814814814,-1.3885668703000777,0.46452928652177106
1.5015015015015014,-1.3747211911200377,0.5910670707790242
1.5215215215215214,-1.3631984965903017,0.7388194645647959
1.5415415415415414,-1.3402659873765284,0.846734070391982
1.5615615615615615,-1.326707418456483,0.9920129154584558
1.5815815815815815,-1.311476533309914,1.0956509921288684
1.6016016016016015,-1.2848775592972992,1.2284588640190517
1.6216216216216217,-1.2515023292126766,1.3445436931542174
1.6416416416416417,-1.2307080154974357,1.444298970651666
1.6616616616616617,-1.1965120604078698,1.5619868749141286
1.6816816816816818,-1.1678750306949293,1.6568686751707653
1.7017017017017018,-1.13178600933668,1.738152568138026
1.7217217217217218,-1.096365098247129,1.8759937354953231
1.7417417417417418,-1.0616596665337958,1.931182451096307
1.7617617617617618,-1.0164979491488202,2.012876307295955
1.7817817817817818,-0.9805520947867766,2.09427411563797
1.8018018018018018,-0.9393301900748098,2.174806475662825
1.8218218218218218,-0.8979896921378572,2.2585856449843953
1.8418418418418419,-0.8454652939973799,2.32695951021866
1.8618618618618619,-0.8010838843351384,2.378140887994808
1.8818818818818819,-0.7511014385672778,2.4073517566241476
1.901901901901902,-0.7024427750794207,2.4860236722340496
1.921921921921922,-0.6461299925137236,2.508135031486091
1.941941941941942,-0.5956143911946823,2.5609827572754713
1.961961961961962,-0.5469278079295865,2.5924992921008223
1.981981981981982,-0.5047486763129331,2.6180146790073526
2.002002002002002,-0.45576145602260343,2.6153678505109994
2.022022022022022,-0.3965276510158699,2.653572802544945
2.042042042042042,-0.34983890771258574,2.681577942368648
2.062062062062062,-0.29121977645693303,2.660655522574547
2.0820820820820822,-0.24133415258219895,2.656272009334563
2.1021021021021022,-0.17271590219513536,2.6683399711450875
2.1221221221221223,-0.1336356354033476,2.6612738255906305
2.1421421421421423,-0.07845936834413117,2.625069695503252
2.1621621621621623,-0.017664337294478152,2.600993891224119
2.1821821821821823,0.01977510685404399,2.5843223804485618
2.2022022022022023,0.08869640152338,2.5416953954302435
2.2222222222222223,0.13444045619499428,2.4969170348935665
2.2422422422422423,0.18301928383493538,2.4563766510267886
2.2622622622622623,0.23613622869980444,2.4343385893151925
2.2822822822822824,0.2751470259554238,2.396025198603835
2.3023023023023024,0.3215633238379211,2.3184488629382405
2.3223223223223224,0.38096090201048044,2.2599073863178916
2.3423423423423424,0.4250175908746897,2.2178431144181103
2.3623623623623624,0.456191711185402,2.1628393161816892
2.3823823823823824,0.5016698026396426,2.06284989491427
2.4024024024024024,0.541334686637164,1.9768733426432443
2.4224224224224224,0.5803001993641883,1.931206062457345
2.4424424424424425,0.6108475756285467,1.8399256964652102
2.4624624624624625,0.6537475781854553,1.7660169251236713
2.4824824824824825,0.6840647370412738,1.6643769401577218
2.5025025025025025,0.725447911397251,1.5955406863563244
2.5225225225225225,0.750941771268478,1.506479209921006
2.5425425425425425,0.7806632165104775,1.3897974698775881
2.5625625625625625,0.8104539929100698,1.308317209133839
2.5825825825825826,0.8310718377539674,1.2145912095407854
2.6026026026026026,0.8616796648246412,1.1306280236207826
2.6226226226226226,0.8663934834457042,1.0324783571141989
2.6426426426426426,0.9035734513110647,0.9301923803266627
2.6626626626626626,0.9170563752099143,0.8216793650491836
2.6826826826826826,0.9300073964854555,0.7268998607911258
2.7027027027027026,0.940361401390698,0.6151338453681987
2.7227227227227226,0.9612012193600032,0.5268297890938985
2.7427427427427427,0.97700904204304,0.43042215594115757
2.7627627627627627,0.9780796387193349,0.30995829017900345
2.7827827827827827,0.9818745638486992,0.23381994266464473
2.8028028028028027,0.9901393129149858,0.13657457195443048
2.8228228228228227,0.9936266493026836,0.020743113336711107
2.8428428428428427,0.9891087350925104,-0.061121783715335304
2.8628628628628627,0.9837067948335264,-0.16875822190886908
2.8828828828828827,0.9756611374578119,-0.2628954459730928
2.9029029029029028,0.9727255163804321,-0.3814167524649285
2.9229229229229228,0.9550108380120718,-0.4520931671310217
2.942942942942943,0.9564899088584486,-0.5386141993392414
2.962962962962963,0.9468897395405169,-0.6475801669688387
2.982982982982983,0.9219456569523201,-0.7295860544131009
3.003003003003003,0.910097918565379,-0.7938802521356246
3.023023023023023,0.9001117228602404,-0.879627905148032
3.043043043043043,0.8775178316980166,-0.9715916787305159
3.063063063063063,0.8578947352891572,-1.0541311276479826
3.083083083083083,0.8336156036636005,-1.1150453772900122
3.103103103103103,0.8158767806466927,-1.1976958989011626
3.123123123123123,0.7921350791824133,-1.257692736724832
3.143143143143143,0.7550653256553577,-1.3177233756375228
3.163163163163163,0.74122479818505,-1.369132113984287
3.183183183183183,0.7133967140109412,-1.4593019400403469
3.203203203203203,0.6800953181714328,-1.4942137786690326
3.2232232232232234,0.6506842385140148,-1.535692649012518
3.2432432432432434,0.6072275497067817,-1.5854207866583758
3.2632632632632634,0.5840639093544648,-1.631639739032056
3.2832832832832834,0.5563710159499551,-1.686787343278258
3.3033033033033035,0.5179477170395395,-1.7139362972132357
3.3233233233233235,0.48144769676211335,-1.7414122806046912
3.3433433433433435,0.44559746565460634,-1.7843054097276283
3.3633633633633635,0.4098882204564376,-1.8008866629312064
3.3833833833833835,0.36939084697503677,-1.835355403753315
3.4034034034034035,0.33700937064949127,-1.850179682249677
3.4234234234234235,0.29250558529085113,-1.849491986958466
3.4434434434434436,0.27266360165525755,-1.8641233022880392
3.4634634634634636,0.21997638456529853,-1.8778663631373265
3.4834834834834836,0.1851292491060328,-1.8922656987415705
3.5035035035035036,0.15451560612965592,-1.876776824933107
3.5235235235235236,0.1130711823391098,-1.8502787086978296
3.5435435435435436,0.0754092252958219,-1.8613115219906315
3.5635635635635636,0.04660448719048005,-1.8483333386249827
3.5835835835835836,0.005852737017750107,-1.8328948763706159
3.6036036036036037,-0.0279453652088986,-1.816062336779596
3.6236236236236237,-0.0709455420371741,-1.7889268496193649
3.6436436436436437,-0.10070900685475706,-1.740893714161475
3.6636636636636637,-0.14897300007345066,-1.7300400201668766
3.6836836836836837,-0.17891281817619462,-1.7152304165575447
3.7037037037037037,-0.21601174018316796,-1.6626551615191805
3.7237237237237237,-0.23942170712145983,-1.6528741148467854
3.7437437437437437,-0.2755361845124631,-1.6020912693218754
3.7637637637637638,-0.3050867329480103,-1.5158302950590847
3.7837837837837838,-0.3421516123481305,-1.4899405257409162
3.803803803803804,-0.3679403315273929,-1.430162097253357
3.823823823823824,-0.39897871865553264,-1.4056154894862347
3.843843843843844,-0.42875124622545624,-1.2963486768972232
3.863863863863864,-0.44495489194664983,-1.2829641537356888
3.883883883883884,-0.46679924492564423,-1.2096296348583173
3.903903903903904,-0.48934978774189986,-1.1526436206017114
3.923923923923924,-0.5176363731276618,-1.0929811376148315
3.943943943943944,-0.5421981637812157,-1.0289118641309467
3.963963963963964,-0.5490959660657583,-0.9750808265178715
3.983983983983984,-0.5831401327482515,-0.8919568718247497
4.004004004004004,-0.5973800249388971,-0.8374401311457502
4.024024024024024,-0.5998861305943464,-0.7617644819666652
4.044044044044044,-0.6186529492998516,-0.7006254766076577
4.064064064064064,-0.6387455389597256,-0.6208815307630159
4.084084084084084,-0.6440918187864371,-0.5537916264499686
4.104104104104104,-0.6537698836242395,-0.487271303423334
4.124124124124124,-0.6622717417890953,-0.42161784091173765
4.1441441441441444,-0.6693242589849531,-0.3513639765995127
4.1641641641641645,-0.6802422954609245,-0.24936573864594241
4.1841841841841845,-0.6897145529801582,-0.19609514752754434
4.2042042042042045,-0.6923288627982334,-0.11391324521304226
4.2242242242242245,-0.6914679498318895,-0.06777783510136381
4.2442442442442445,-0.6973446485270666,0.017079978740452924
4.2642642642642645,-0.6894608160835995,0.06154339628556769
4.2842842842842845,-0.6900061639036033,0.15146789937599134
4.3043043043043046,-0.693686619221932,0.20560633352113808
4.324324324324325,-0.6757676531381998,0.2683887745029059
4.344344344344345,-0.6703700929984141,0.3445678597007362
4.364364364364365,-0.6659023403994614,0.4055524007387603
4.384384384384385,-0.6535921127293975,0.4806507882044223
4.404404404404405,-0.6512472175408468,0.5333723016894951
4.424424424424425,-0.6322719031420643,0.6050395853921554
4.444444444444445,-0.6231504902967429,0.6529630945938021
4.464464464464465,-0.6094724543846265,0.69102909426243
4.484484484484485,-0.5988289635129933,0.7610212533534366
4.504504504504505,-0.5821341189889736,0.8173277077934248
4.524524524524525,-0.5606952669282109,0.8541312251890388
4.544544544544545,-0.5448619916921954,0.9032094742851878
4.564564564564565,-0.5264064860972204,0.958042811443843
4.584584584584585,-0.5116462309076636,0.9943379599901945
4.604604604604605,-0.4844235629099017,1.028393853176289
4.624624624624625,-0.4593845432931976,1.0482432530372738
4.644644644644645,-0.4497743025522499,1.095828698743586
4.664664664664665,-0.4265443662352923,1.1181052574138761
4.684684684684685,-0.39555061462462243,1.162667016687203
4.704704704704705,-0.37675782548025644,1.1990892923542198
4.724724724724725,-0.3490161089804327,1.2189685682425044
4.744744744744745,-0.3303513466460925,1.233713102079954
4.764764764764765,-0.3122841648644618,1.2600976876574936
4.784784784784785,-0.28266901739889866,1.2728405834898773
4.804804804804805,-0.2510219408801839,1.2910481384423198
4.824824824824825,-0.2242624208369883,1.2993367559969833
4.844844844844845,-0.19789004399017807,1.3058185525151373
4.864864864864865,-0.16942324594112487,1.3155883807608475
4.884884884884885,-0.144425057091026,1.3205315481018511
4.904904904904905,-0.11747285854547325,1.3368854981751928
4.924924924924925,-0.1006942880650393,1.3171846392987905
4.944944944944945,-0.06441175677551432,1.3272575749669095
4.964964964964965,-0.046289118644797816,1.309789159028872
4.984984984984985,-0.024140500091736426,1.2771161885728681
5.005005005005005,0.014181555400365732,1.2738256464551434
5.025025025025025,0.03719776043440803,1.2682211152216583
5.045045045045045,0.05542828114194993,1.2462288775133503
5.065065065065065,0.07993340141175762,1.21494204386451
5.085085085085085,0.11583578710241701,1.199110407183972
5.105105105105105,0.13761194189083925,1.1705650043899025
5.125125125125125,0.15296178328764826,1.1508635958981166
5.145145145145145,0.18332216796752748,1.129776692169917
5.165165165165165,0.20745071627422415,1.0974910033484808
5.185185185185185,0.21686439296497814,1.0663121293763145
5.205205205205205,0.2406075608385109,1.0041221917990348
5.225225225225225,0.26614825064676795,0.9857888708732954
5.245245245245245,0.28265824438210774,0.9507244097915806
5.265265265265265,0.303036424702472,0.9088394846532895
5.285285285285285,0.32416423691228957,0.859063497046297
5.305305305305305,0.33367886576483413,0.8350720927388058
5.325325325325325,0.3518498422532316,0.7689212805092805
5.345345345345345,0.3669512699370556,0.7560357259417665
5.365365365365365,0.38707662969358325,0.712257998058821
5.385385385385385,0.3972872318474598,0.6555523102933614
5.405405405405405,0.39987221823674113,0.603746016922825
5.425425425425425,0.42099889503226595,0.5665968379915671
5.445445445445445,0.4323022291509691,0.522532875125173
5.465465465465465,0.44331165812895795,0.474286631363676
5.485485485485485,0.44923640253291225,0.41955795269022494
5.505505505505505,0.45419022572754486,0.36900341815715654
5.525525525525525,0.4638197477733161,0.32168362028371045
5.545545545545545,0.47787491097533463,0.2703733128517204
5.565565565565565,0.4741188827191418,0.20858683392153565
5.585585585585585,0.47689839759098607,0.16317830417531748
5.605605605605605,0.48048448471842886,0.1175678566236525
5.625625625625625,0.4860886705474738,0.07280261227530407
5.645645645645645,0.4868667482940212,0.007659725582752715
5.665665665665665,0.4911215894001139,-0.037006199665835
5.685685685685685,0.47994276424117926,-0.060636460322350275
5.7057057057057055,0.4772075182002913,-0.13411907333992662
5.7257257257257255,0.4755322986413246,-0.1713582648415525
5.7457457457457455,0.475474876016501,-0.22038989651755161
5.7657657657657655,0.46506052378609286,-0.25777438078278825
5.7857857857857855,0.4687322097079139,-0.306999915125624
5.8058058058058055,0.46110027670661474,-0.3346887662353231
5.8258258258258255,0.4409079050102746,-0.38058935993298687
5.8458458458458455,0.44367315932141405,-0.4382394728876772
5.865865865865866,0.42966157537812244,-0.462304686349174
5.885885885885886,0.4171620883558097,-0.5156192841759877
5.905905905905906,0.4076951578200579,-0.5387301721032379
5.925925925925926,0.4004705172275154,-0.5761270865366054
5.945945945945946,0.39021741644236047,-0.6089335532241695
5.965965965965966,0.3744931562752474,-0.6440343469481324
5.985985985985986,0.3695418410155635,-0.6980595700649369
6.006006006006006,0.35229360612099253,-0.7042200873555632
6.026026026026026,0.33570862408372565,-0.7281348342914118
6.046046046046046,0.3174417914926451,-0.7745854421280324
6.066066066066066,0.3015690441946559,-0.7754349059731103
6.086086086086086,0.2930138692585538,-0.8086224082999327
6.106106106106106,0.2746976181209482,-0.8240391258196391
6.126126126126126,0.25550052851916577,-0.8512207006941837
6.146146146146146,0.2406197990397217,-0.8483410645888458
6.166166166166166,0.22131133913340054,-0.8636933926205634
6.186186186186186,0.20543323272513703,-0.884542667545988
6.206206206206206,0.1839036458038606,-0.9102572367458512
6.226226226226226,0.1721514345705463,-0.9154631640976552
6.246246246246246,0.15168527127181594,-0.9076411973214786
6.266266266266266,0.12576371389780414,-0.9090976504866775
6.286286286286286,0.1120825576587554,-0.9233713001462034
6.306306306306306,0.09746251218006594,-0.9238618899193808
6.326326326326326,0.07777492808133961,-0.9280242495393248
6.346346346346346,0.05821588300801685,-0.9242266955688394
6.366366366366366,0.032450045331185826,-0.9164053517986429
6.386386386386386,0.02063193171622005,-0.9171114840775398
6.406406406406406,0.004007874857148753,-0.8900117851647975
6.426426426426427,-0.013048381079689886,-0.882978990644884
6.446446446446447,-0.02383848859251543,-0.8757887207128591
6.466466466466467,-0.05233775973837882,-0.8561057996134878
6.486486486486487,-0.06200881437510437,-0.8530715975953459
6.506506506506507,-0.08076883921511611,-0.8513606904705013
6.526526526526527,-0.09871818601778928,-0.8321756876395576
6.546546546546547,-0.11432968738817077,-0.8085928788635085
6.566566566566567,-0.13727540866745297,-0.7759694877144852
6.586586586586587,-0.15278687014794276,-0.7601049790514588
6.606606606606607,-0.15925897390238225,-0.7392556645960532
6.626626626626627,-0.18157914770931974,-0.7171980726762671
6.646646646646647,-0.18248386498541455,-0.695413229127898
6.666666666666667,-0.20731315565006825,-0.6415668226326547
6.686686686686687,-0.21909855948163198,-0.609308815745709
6.706706706706707,-0.22949852422596964,-0.6097920288302295
6.726726726726727,-0.24462754199249687,-0.564811708013452
6.746746746746747,-0.25445747477868635,-0.5528526808155554
6.766766766766767,-0.2611302236033047,-0.5113253318316598
6.786786786786787,-0.27960848047511094,-0.47954920897962394
6.806806806806807,-0.2771278668937465,-0.46520273746858787
6.826826826826827,-0.299149287684347,-0.4207675081704786
6.846846846846847,-0.2944814391246087,-0.3775726635553188
6.866866866866867,-0.3072013583393694,-0.37001326749031593
6.886886886886887,-0.314116241314285,-0.3126415111931505
6.906906906906907,-0.32638646797237175,-0.2780614363152875
6.926926926926927,-0.32577721600153087,-0.26446665633862115
6.946946946946947,-0.32903116541707267,-0.22228584718863664
6.966966966966967,-0.33456254467867075,-0.17238938627008962
6.986986986986987,-0.3440936057893832,-0.14785412281648605
7.007007007007007,-0.338124105841963,-0.10005081739077373
7.027027027027027,-0.3427133931228386,-0.07474770459848117
7.047047047047047,-0.3331721472704286,-0.020475288244761573
7.067067067067067,-0.34705056275972984,0.005303455731136724
7.087087087087087,-0.3433539666160877,0.029224730520092224
7.107107107107107,-0.3385258180776954,0.0740570851806511
7.127127127127127,-0.3398790412782068,0.09712480340353312
7.147147147147147,-0.33974662801116673,0.11213240837079125
7.167167167167167,-0.33410233126121464,0.17087409201188547
7.187187187187187,-0.3367411819959994,0.20507470196296793
7.207207207207207,-0.3151706312595219,0.25310760025436785
7.227227227227227,-0.3197553108648954,0.255118851556901
7.247247247247247,-0.3184520587278404,0.291550806699832
7.267267267267267,-0.309224915321736,0.30644479023031973
7.287287287287287,-0.2985897152525156,0.3529246111911813
7.307307307307307,-0.30302485851935856,0.3669735968571749
7.327327327327327,-0.29595543037090283,0.3742264197696259
7.347347347347347,-0.27228381749749986,0.4228887360841184
7.367367367367367,-0.26633307007257195,0.4382230899785481
7.387387387387387,-0.2689200012544456,0.45906900026493247
7.407407407407407,-0.2487261116510802,0.4661043989193281
7.4274274274274275,-0.2408481203993683,0.5135163585047688
7.4474474474474475,-0.22611304661469814,0.5131564414449948
7.4674674674674675,-0.217086515104354,0.5421231130160862
7.4874874874874875,-0.2143359236868006,0.5707236159293448
7.5075075075075075,-0.20409134013345584,0.5635659237799608
7.5275275275275275,-0.18927737325867316,0.5887855112003474
7.5475475475475475,-0.18055781934442242,0.5904241663597612
7.5675675675675675,-0.16175528280698687,0.6098498222237874
7.587587587587588,-0.15304316862102993,0.6134556991825427
7.607607607607608,-0.13478531228083168,0.6191274191227579
7.627627627627628,-0.13000166673695987,0.6286059424642304
7.647647647647648,-0.11762957320341329,0.6378303613286848
7.667667667667668,-0.10774283223967289,0.6390839801517586
7.687687687687688,-0.08355919462579749,0.6606012946484129
7.707707707707708,-0.0860122747530225,0.6479809406251542
7.727727727727728,-0.0569777636422101,0.6396987119340874
7.747747747747748,-0.05082782995846399,0.6404962919025771
7.767767767767768,-0.04165676476196481,0.6391022716300957
7.787787787787788,-0.024360773753947292,0.6338625132612835
7.807807807807808,-0.008699189366058627,0.6303584558836767
7.827827827827828,-0.0032956248305741056,0.6227118960177761
7.847847847847848,0.021808171390487827,0.6322816820187783
7.867867867867868,0.0344675514941786,0.6073747596621495
7.887887887887888,0.040281173930899694,0.6223159271777934
7.907907907907908,0.04778256786051745,0.5924167197248932
7.927927927927928,0.06956252945829577,0.5941669945803333
7.947947947947948,0.08030933979282728,0.5777716486053366
7.967967967967968,0.0893948454110269,0.5566741038964521
7.987987987987988,0.09816855627875422,0.5408336218124544
8.008008008008009,0.11451335478281799,0.5043558285727905
8.028028028028029,0.11139801073195618,0.5275586194282976
8.048048048048049,0.1229856566166429,0.5073126864307556
8.068068068068069,0.13360166152012787,0.476603135600011
8.088088088088089,0.14699732565703444,0.45506260146627897
8.108108108108109,0.16200965144806687,0.44295520751893946
8.128128128128129,0.16822141901886423,0.4169946922876962
8.148148148148149,0.17689709000103654,0.39480060420994806
8.168168168168169,0.18418626217063083,0.36931669851750676
8.188188188188189,0.18633247261517705,0.3663795081009629
8.208208208208209,0.18703916645097246,0.3252317658370361
8.228228228228229,0.19682454232669727,0.31096511847226577
8.248248248248249,0.20201073283149582,0.2713676471709923
8.268268268268269,0.21544563815421544,0.2637730116593248
8.288288288288289,0.2135394926453118,0.2563508828582605
8.308308308308309,0.21840908133957873,0.20907066631571977
8.328328328328329,0.22328339107746006,0.20140385493527402
8.348348348348349,0.22980452280057312,0.15450765632474847
8.368368368368369,0.22928711390447137,0.12008460820658004
8.388388388388389,0.23298577750461863,0.1149801371211304
8.408408408408409,0.2415165884892538,0.11494850515530596
8.428428428428429,0.2328647789386108,0.06141234580701757
8.448448448448449,0.2397193517890322,0.03554981343504417
8.468468468468469,0.24396017037681325,0.011455237412244293
8.488488488488489,0.23665260878527955,0.00027324200091500585
8.508508508508509,0.237926156293345,-0.034270420762397676
8.528528528528529,0.2366388542166293,-0.03507536403061632
8.548548548548549,0.23768173054909647,-0.07198447176028798
8.568568568568569,0.23013368662948075,-0.11269776210585336
8.588588588588589,0.23270338931075488,-0.11145311654617353
8.608608608608609,0.23229146116374752,-0.14240965454379917
8.62862862862863,0.22699023478040445,-0.15400674616579976
8.64864864864865,0.22708897830018152,-0.19901285189714413
8.66866866866867,0.2223318359829874,-0.22126597977153448
8.68868868868869,0.22213534217186284,-0.2283102415755003
8.70870870870871,0.21058851386373878,-0.2448376094805662
8.72872872872873,0.2036078894015508,-0.26721207113383794
8.74874874874875,0.19841422542028267,-0.2760998530880814
8.76876876876877,0.19510445853154776,-0.2952699151910419
8.78878878878879,0.19543634635139057,-0.31905029066157586
8.80880880880881,0.18038021704479312,-0.30849249548530544
8.82882882882883,0.17074969336919726,-0.35226907470754115
8.84884884884885,0.1693967954344155,-0.34583860956580226
8.86886886886887,0.15913268770502026,-0.35655357186660325
8.88888888888889,0.15829810769764655,-0.3975097546344886
8.90890890890891,0.14824574798218113,-0.3889962518966381
8.92892892892893,0.13467251412827674,-0.387675534205189
8.94894894894895,0.1273191622151831,-0.3974165804798814
8.96896896896897,0.12796483244325094,-0.40951754960915204
8.98898898898899,0.1076051480800285,-0.4133370916572054
9.00900900900901,0.09728760835310798,-0.4338168158867749
9.02902902902903,0.08775648449325782,-0.44194342884757315
9.04904904904905,0.0870416213235475,-0.4383748935731473
9.06906906906907,0.07655482660686973,-0.46285345001802203
9.08908908908909,0.07883761361317396,-0.46931363673883114
9.10910910910911,0.06418015863027861,-0.45038865212039425
9.12912912912913,0.0432379202052079,-0.46681483362141696
9.14914914914915,0.04129401861400005,-0.45400817229025486
9.16916916916917,0.02152881084182202,-0.44233412055988924
9.18918918918919,0.021811374843351685,-0.45839099162701963
9.20920920920921,0.0065295591514118205,-0.44957003303008314
9.22922922922923,0.0076474305354453185,-0.4425350429963433
9.24924924924925,-0.006753062978264675,-0.4517991289156248
9.26926926926927,-0.017159495408632555,-0.4335937968480786
9.28928928928929,-0.025028773026538477,-0.41180782288053797
9.30930930930931,-0.02653913903390272,-0.4160800531195937
9.32932932932933,-0.04416305707111387,-0.40661987784753667
9.34934934934935,-0.05547062872930001,-0.4114174262747463
9.36936936936937,-0.05063001718555817,-0.40848603898127367
9.38938938938939,-0.051255489804931414,-0.39483971489983766
9.40940940940941,-0.07154173189620214,-0.3937080858106632
9.42942942942943,-0.07444567785691521,-0.362852960025909
9.44944944944945,-0.08851793819693811,-0.35751380377923736
9.46946946946947,-0.10134613404688032,-0.32971963576964053
9.48948948948949,-0.09320332081020204,-0.3195649086120754
9.50950950950951,-0.10514831209468319,-0.3169967315657748
9.52952952952953,-0.10684659586601429,-0.3035238766543593
9.54954954954955,-0.11560546129105898,-0.30635923236004525
9.56956956956957,-0.1220661584362014,-0.27143786537723985
9.58958958958959,-0.12287513789351344,-0.25833352077555516
9.60960960960961,-0.1328105081780439,-0.24301965194125122
9.62962962962963,-0.14171273214346583,-0.20332189792271627
9.64964964964965,-0.14236889998045968,-0.21167788576976762
9.66966966966967,-0.14410183532222345,-0.1886400775119604
9.68968968968969,-0.15722121108277504,-0.18198838649154014
9.70970970970971,-0.1507794396659254,-0.17370253193317658
9.72972972972973,-0.15601185020827618,-0.14597576311383417
9.74974974974975,-0.16788618646104142,-0.11755021126475146
9.76976976976977,-0.15998886796674752,-0.10401252396103462
9.78978978978979,-0.1608881810955832,-0.07852531426151904
9.80980980980981,-0.16209253644035462,-0.082835815931057
9.82982982982983,-0.1623744415480138,-0.05717104023826956
9.84984984984985,-0.16997724101100492,-0.029867438031884505
9.86986986986987,-0.17083241661257348,-0.032053305229841345
9.88988988988989,-0.17041442090633158,-0.004663718335597259
9.90990990990991,-0.17315199198958334,0.011794427647174421
9.92992992992993,-0.16559125198433944,0.03619065193103194
9.94994994994995,-0.16129714641954573,0.03773340001380562
9.96996996996997,-0.16607654474820818,0.07025382012982333
9.98998998998999,-0.16430203890567885,0.06762894305520932
10.01001001001001,-0.1634983716775914,0.09848415201869896
10.03003003003003,-0.15487579820804911,0.09859581291396251
10.05005005005005,-0.1579874509989575,0.12564965820232882
10.07007007007007,-0.154298876418522,0.1341989426701488
10.09009009009009,-0.15684147879318178,0.14458543784782263
10.11011011011011,-0.15027103621078833,0.1589282964087411
10.13013013013013,-0.141684114045738,0.17155376910130388
10.15015015015015,-0.14436211469161964,0.19557558675842593
10.17017017017017,-0.13979783013494543,0.2096284279207087
10.19019019019019,-0.13737338822589212,0.19931713015907693
10.21021021021021,-0.13325559909500534,0.23063259940844985
10.23023023023023,-0.12576134502265907,0.22845060756218857
10.25025025025025,-0.11909178196352925,0.2566341265017309
10.27027027027027,-0.11527228252570651,0.24884214258863635
10.29029029029029,-0.11665222806692471,0.27217044496910126
10.31031031031031,-0.11625899891942189,0.2809411451733291
10.33033033033033,-0.09528191055348835,0.277495293121406
10.35035035035035,-0.09739287193755718,0.2945636974742324
10.37037037037037,-0.08854225760915116,0.2990233383766021
10.39039039039039,-0.08029002162067372,0.29858989865089264
10.41041041041041,-0.06724041533968718,0.3084618056566477
10.43043043043043,-0.071606643784578,0.3077207744039819
10.45045045045045,-0.05717184382532449,0.3148049892327411
10.47047047047047,-0.05268616199467796,0.3149811610055056
10.49049049049049,-0.050300499975265596,0.3195495291837524
10.51051051051051,-0.046830290592550256,0.31051784530216503
10.53053053053053,-0.039858549157370325,0.32417756913572016
10.55055055055055,-0.0356732099536028,0.31974257729985767
10.57057057057057,-0.02524710812650059,0.302313929114579
10.59059059059059,-0.03077432556857467,0.32727116280659524
10.61061061061061,-0.01174446331450371,0.3037797000526418
10.63063063063063,-0.004778612384758192,0.3083625899784455
10.65065065065065,1.6791579360484442e-05,0.32017850270269
10.67067067067067,0.0023571428101188405,0.32866630034334143
10.69069069069069,0.013563844918791038,0.2942240434719037
10.71071071071071,0.014643184892284292,0.2896571326038834
10.73073073073073,0.026219245303961164,0.29045442478723077
10.75075075075075,0.02951593335321255,0.2807066769969636
10.77077077077077,0.04026709085654326,0.2752436550196966
10.79079079079079,0.03998173239494256,0.27694592419293923
10.81081081081081,0.03753228501616175,0.28127782588412364
10.83083083083083,0.04678815556036964,0.26221606733069686
10.85085085085085,0.06042179257127468,0.24885097390152855
10.87087087087087,0.05656830000554337,0.26001602628280196
10.89089089089089,0.07450323481685545,0.2259585293512935
10.91091091091091,0.07731653093448648,0.22426590806445074
10.93093093093093,0.07332633780953987,0.21880927211593548
10.95095095095095,0.0808968531866201,0.22544109555390768
10.97097097097097,0.08592292884953279,0.20310446611166896
10.99099099099099,0.0854620647808477,0.19234690966329548
11.01101101101101,0.0869097427244413,0.19524616661402078
11.03103103103103,0.08974886786207956,0.16446762160536535
11.05105105105105,0.09238376630956555,0.15098534540515687
11.07107107107107,0.09310957930338055,0.1593262979795591
11.09109109109109,0.10582558969221728,0.1251477961451843
11.11111111111111,0.11097903887515073,0.13095033046665597
11.13113113113113,0.10275304454631423,0.1181227321030274
11.15115115115115,0.1117104801236729,0.08100228614021283
11.17117117117117,0.11111752747726428,0.06614412274781231
11.19119119119119,0.1188308800688159,0.08345208171482806
11.21121121121121,0.1100222114829675,0.058162001743084606
11.23123123123123,0.11647181919555905,0.04979236253977982
11.25125125125125,0.11531529883937788,0.03763284330587178
11.27127127127127,0.12612813383878824,0.012600922247082131
11.29129129129129,0.12195015878498536,0.0017239842298717462
11.31131131131131,0.12973950597201855,-0.010880682493569263
11.33133133133133,0.1141586264195583,0.0009584845457231081
11.35135135135135,0.1121455981993376,-0.011238470422854654
11.37137137137137,0.11347007852014433,-0.030671120615577693
11.391391391391391,0.12036112789130912,-0.05337539106642603
11.411411411411411,0.11504804123055964,-0.060200570532948146
11.431431431431431,0.1148977910636808,-0.0741286982858489
11.451451451451451,0.11519854292396012,-0.08352185914073965
11.471471471471471,0.11276623442885132,-0.08601560991975642
11.491491491491491,0.10141341685224967,-0.09485901546372548
11.511511511511511,0.10607079335461649,-0.11370422202632226
11.531531531531531,0.09883498644313107,-0.08964697104370528
11.551551551551551,0.10454319435355096,-0.1306513815333629
11.571571571571571,0.0980178537619849,-0.16446426953426538
11.591591591591591,0.08826263424225415,-0.13550586153626587
11.611611611611611,0.09913096025527511,-0.13412114485659454
11.631631631631631,0.08195345055373937,-0.17016117940596945
11.651651651651651,0.08970023055167746,-0.17317320230990435
11.671671671671671,0.0785293686569071,-0.15953256246001035
11.691691691691691,0.08283258211466334,-0.19194051744652943
11.711711711711711,0.07280105990840836,-0.17315707519189014
11.731731731731731,0.0699030197441166,-0.19619201435426323
11.751751751751751,0.06844647476887085,-0.20349237789742622
11.771771771771771,0.06895788960938479,-0.21780499151797067
11.791791791791791,0.05976395907780498,-0.1969207233021677
11.811811811811811,0.05329126588756312,-0.2135088327227238
11.831831831831831,0.04878550952044583,-0.20981803992394638
11.851851851851851,0.0417835164104647,-0.22814474166755355
11.871871871871871,0.0393006507976893,-0.23091678865268436
11.891891891891891,0.04301574969068349,-0.2278626477122612
11.911911911911911,0.041355951139653284,-0.2144473102890167
11.931931931931931,0.0265201548665354,-0.21949443075915295
11.951951951951951,0.020056606603475163,-0.21210799581585132
11.971971971971971,0.021083208100209996,-0.2193075018894256
11.991991991991991,0.020420746918334537,-0.2116726754428644
12.012012012012011,0.014041465269725545,-0.22213922833575436
12.032032032032031,0.01952314963378294,-0.20627046308401706
12.052052052052051,0.005390118369661842,-0.23368913671645622
12.072072072072071,0.003486487369305416,-0.19009532741440346
12.092092092092091,-0.0005834948607459029,-0.20384003785039523
12.112112112112111,-0.015699223497066397,-0.20363892982813334
12.132132132132131,-0.01540126372012206,-0.21952365680940955
12.152152152152151,-0.014929449858032096,-0.2186545126876922
12.172172172172171,-0.022510583843579013,-0.20587271931160048
12.192192192192191,-0.029695448478259653,-0.2010105001272314
12.212212212212211,-0.02557059464158925,-0.1914335654561128
12.232232232232231,-0.03650162891264606,-0.18139017525914047
12.252252252252251,-0.03767901033249406,-0.1947646797397242
12.272272272272271,-0.03180596431541256,-0.17545741992594713
12.292292292292291,-0.05315049936367423,-0.17031300959673532
12.312312312312311,-0.04547248800969335,-0.14930819073580098
12.332332332332332,-0.05197252803646434,-0.13962772090408326
12.352352352352352,-0.05811646803422993,-0.14266059476848766
12.372372372372372,-0.06170223834807956,-0.1460182885249935
12.392392392392392,-0.06195527796627394,-0.13942259968881532
12.412412412412412,-0.0647267554641351,-0.11672134428816211
12.432432432432432,-0.06340131186473857,-0.1188031351650167
12.452452452452452,-0.0713500632856575,-0.11448091750421724
12.472472472472472,-0.07161548464394313,-0.09252069471432439
12.492492492492492,-0.0726979478098124,-0.09706550614814438
12.512512512512512,-0.07207577740112507,-0.09751389507489786
12.532532532532532,-0.08128386001992591,-0.08767452732178169
12.552552552552552,-0.07183805684428357,-0.0820921095404785
12.572572572572572,-0.07655169772019839,-0.06323874674481446
12.592592592592592,-0.08205925846254752,-0.04286650280644451
12.612612612612612,-0.07347333150146614,-0.0424396206259277
12.632632632632632,-0.07662957026607008,-0.027353223756119337
12.652652652652652,-0.08105882735061666,-0.02136446354712079
12.672672672672672,-0.08671604671611417,-0.022398339906212688
12.692692692692692,-0.07881770073607765,-0.01658590289757603
12.712712712712712,-0.08046899362942528,-0.0029539418597202874
12.732732732732732,-0.08718723343685963,0.00876224820427064
12.752752752752752,-0.081931638800696,0.02328547333958566
12.772772772772772,-0.08718113027452216,0.026439236587863003
12.792792792792792,-0.07669205284356649,0.02524013255072498
12.812812812812812,-0.08056562662281079,0.05021897594368266
12.832832832832834,-0.08433798620245173,0.04583653145842729
12.852852852852854,-0.0776685511196242,0.06011888176387018
12.872872872872874,-0.07770574863024292,0.051828594442315135
12.892892892892894,-0.07633916453012402,0.07283826752396767
12.912912912912914,-0.08122156087818577,0.07047610649624779
12.932932932932934,-0.0728908057807422,0.08058893594304635
12.952952952952954,-0.07071141888743458,0.09581528893680698
12.972972972972974,-0.07538342863293108,0.0747642637675529
12.992992992992994,-0.07267059554554178,0.09805828840078115
13.013013013013014,-0.06453951869530554,0.10600891271160075
13.033033033033034,-0.0610307480478511,0.12066445527671002
13.053053053053054,-0.06010593785687645,0.12117431542592545
13.073073073073074,-0.04838652856406137,0.09158199224010728
13.093093093093094,-0.05431112860123801,0.14233659978124696
13.113113113113114,-0.06445053778675114,0.1299761778822484
13.133133133133134,-0.04724500358472119,0.14116115005686658
13.153153153153154,-0.05156010484108087,0.13840798091447654
13.173173173173174,-0.04068413522464542,0.1333930071308487
13.193193193193194,-0.043084751924285056,0.1323075126227344
13.213213213213214,-0.040926629741037016,0.1449467598795256
13.233233233233234,-0.03382284315568727,0.1385926958861395
13.253253253253254,-0.03901292435778436,0.15969276184782344
13.273273273273274,-0.024193120495202034,0.15325338882227094
13.293293293293294,-0.02359243341707246,0.14819150787045907
13.313313313313314,-0.02653281452345009,0.15015288307139843
13.333333333333334,-0.02045377422457508,0.1690602654642659
13.353353353353354,-0.03210619532995013,0.14548350946752905
13.373373373373374,-0.022855624347053856,0.17384380594452076
13.393393393393394,-0.008144049236023087,0.15249154525678493
13.413413413413414,-0.004898374068392099,0.15757847963122887
13.433433433433434,-0.0050593594423360005,0.17402671213712662
13.453453453453454,-0.004948296068641862,0.17743200066587114
13.473473473473474,0.001231416890374404,0.1402806149121669
13.493493493493494,0.0013785654353121709,0.14887050636762014
13.513513513513514,-0.0016075164170003117,0.14799375019348412
13.533533533533534,0.005283397412308848,0.1391662358309033
13.553553553553554,0.015047479715158785,0.1505203382070254
13.573573573573574,0.01774336784093502,0.14447581971015386
13.593593593593594,0.017362008732704888,0.1572006591022117
13.613613613613614,0.02158522384485249,0.14438855772533618
13.633633633633634,0.01836048153455983,0.11651675290954042
13.653653653653654,0.0333794935201441,0.14699728576474902
13.673673673673674,0.023925240705483682,0.12514759039789858
13.693693693693694,0.031509461601979157,0.1308115545765493
13.713713713713714,0.030791224797791367,0.11384936978454667
13.733733733733734,0.03851761728020653,0.10688646705957278
13.753753753753754,0.03127418203118083,0.11925945160959447
13.773773773773774,0.04598880239282611,0.09893332739511441
13.793793793793794,0.041387433243611875,0.09964029229311927
13.813813813813814,0.04111499149509915,0.102027225243655
13.833833833833834,0.04942497921816425,0.08783457054216931
13.853853853853854,0.05443827555653484,0.06660475343486735
13.873873873873874,0.044873487639910094,0.07500154485508853
13.893893893893894,0.06184194532119649,0.07174372435310869
13.913913913913914,0.04864135998926345,0.07141760642622959
13.933933933933934,0.04920473481343709,0.05759637650760571
13.953953953953954,0.04923019795518596,0.045113925223123394
13.973973973973974,0.05311373686967023,0.05143759643991848
13.993993993993994,0.06427325904398962,0.05110231399438893
14.014014014014014,0.05924011968370974,0.025440624047953424
14.034034034034034,0.060621308200547085,0.0431881544325412
14.054054054054054,0.051865222920812415,0.026901042018045836
14.074074074074074,0.057569170840692935,0.02306141893639091
14.094094094094094,0.05843151032339708,0.009557836693608972
14.114114114114114,0.05339623321320015,0.015418122232523689
14.134134134134134,0.06138060913868854,0.009024250234825263
14.154154154154154,0.059874972881955965,-0.003918020158733341
14.174174174174174,0.06650670854860255,-0.019421669636063194
14.194194194194194,0.05783178318397921,0.006361259338344586
14.214214214214214,0.05721791167105088,-0.03311581577577428
14.234234234234235,0.055734764627799784,-0.030162743036395146
14.254254254254255,0.06245842432645982,-0.022911881159958868
14.274274274274275,0.05630425946708669,-0.03487360823507973
14.294294294294295,0.05906745604437913,-0.03572429520532325
14.314314314314315,0.05777512287685289,-0.04754599072975415
14.334334334334335,0.05380617426210915,-0.05885921128902137
14.354354354354355,0.056116952295179,-0.053477586773222015
14.374374374374375,0.05476148658986321,-0.04700219584167637
14.394394394394395,0.04602714621265916,-0.07762889905031468
14.414414414414415,0.047472720190085825,-0.054447642889285414
14.434434434434435,0.052200564778673374,-0.07160587681657535
14.454454454454455,0.04753340489528506,-0.09246520450810589
14.474474474474475,0.04560575413960298,-0.08159209940259352
14.494494494494495,0.03417846248998855,-0.11185079530443287
14.514514514514515,0.03307898613809787,-0.09855771502849499
14.534534534534535,0.046522064771067996,-0.09087402594105587
14.554554554554555,0.04234069822900889,-0.09742293170564936
14.574574574574575,0.032978258440329596,-0.08937943361917279
14.594594594594595,0.031228617372829472,-0.10563088943527384
14.614614614614615,0.023803732501501654,-0.08941208074576727
14.634634634634635,0.02195068112315501,-0.08356852481187374
14.654654654654655,0.02875035728956403,-0.11831208481725371
14.674674674674675,0.029329391231772344,-0.11558902146562072
14.694694694694695,0.01865431027605853,-0.10834472466266008
14.714714714714715,0.014663647058320722,-0.1256753456767324
14.734734734734735,0.016371277957374683,-0.10959429875210983
14.754754754754755,0.016886489517206393,-0.11971875365260286
14.774774774774775,0.010395063233758604,-0.09468493343551636
14.794794794794795,0.010718263010351985,-0.13841319331677793
14.814814814814815,0.015758839344800348,-0.11681026877502637
14.834834834834835,0.005033963836403859,-0.11123268592145982
14.854854854854855,0.004497171161695443,-0.11526024389171954
14.874874874874875,-0.0008971131525505496,-0.11035474517054494
14.894894894894895,0.004073686370700893,-0.11140267422668189
14.914914914914915,0.0036083230215197375,-0.11010303109496543
14.934934934934935,-0.0034896387268703822,-0.11183272761021584
14.954954954954955,-0.010442410302107113,-0.09779887981985229
14.974974974974975,-0.013434485421390686,-0.11135438092613173
14.994994994994995,-0.01127459808952637,-0.09005559357410271
15.015015015015015,-0.009404868614886418,-0.0963353033909728
15.035035035035035,-0.00884288995080466,-0.11131842017742716
15.055055055055055,-0.01267583823582392,-0.11037618228885317
15.075075075075075,-0.017055422546106543,-0.09102572898136527
15.095095095095095,-0.025741601114546216,-0.09230769824812272
15.115115115115115,-0.009394851310136124,-0.07885602794469788
15.135135135135135,-0.028448354074842235,-0.08592270253808428
15.155155155155155,-0.023747101410205498,-0.0880857092378622
15.175175175175175,-0.020744055697078392,-0.0702332825052405
15.195195195195195,-0.030839587929578693,-0.05098871150795051
15.215215215215215,-0.02674055042548663,-0.056041576113838504
15.235235235235235,-0.028896260712857027,-0.07278972278394376
15.255255255255255,-0.029364578473387356,-0.056070107619795355
15.275275275275275,-0.03273195342860538,-0.06678057121600631
15.295295295295295,-0.03312311958768506,-0.06507126918407517
15.315315315315315,-0.03347138104030906,-0.056065932234954874
15.335335335335335,-0.038611702184108906,-0.04146360488930918
15.355355355355355,-0.03821293736243952,-0.03282441165286612
15.375375375375375,-0.03612875467353959,-0.037334105142160144
15.395395395395395,-0.03454770143045017,-0.03480743341466576
15.415415415415415,-0.03968786470430199,-0.032946920648401656
15.435435435435435,-0.04301567665061808,-0.022580480079259873
15.455455455455455,-0.03364445011233509,-0.008351190448957954
15.475475475475475,-0.03469665599459776,-0.00047653117278117184
15.495495495495495,-0.046426333651710235,-0.010866733791522061
15.515515515515515,-0.03912168910499231,-0.023049254658453224
15.535535535535535,-0.03807347190682324,0.0003745252615550863
15.555555555555555,-0.037218858214259555,8.939115085810517e-05
15.575575575575575,-0.03803627713266452,-0.009830347198459193
15.595595595595595,-0.042108304487556474,-0.0027974962025511425
15.615615615615615,-0.03683272110183324,-0.004116930345657216
15.635635635635635,-0.0454984977486229,0.022987388949655185
15.655655655655655,-0.05120728038103479,0.0105603573560284
15.675675675675675,-0.04066818101721218,0.027468535854026494
15.695695695695695,-0.04096128185834366,0.037639366529390664
15.715715715715715,-0.029777590825475618,0.02441528459349533
15.735735735735735,-0.03961161834383753,0.00921371845844685
15.755755755755755,-0.037866579908453206,0.03530778824247568
15.775775775775776,-0.02915454619566477,0.039673467249088074
15.795795795795796,-0.03006506388936709,0.029145975624445132
15.815815815815816,-0.04174047321735162,0.022113806434608543
15.835835835835836,-0.03573478950329364,0.052196611887169016
15.855855855855856,-0.030584971502737823,0.07018979815429517
15.875875875875876,-0.02804457527086618,0.05904006156661238
15.895895895895896,-0.032110128623724976,0.05222189135357318
15.915915915915916,-0.033209688147240575,0.05243646783424719
15.935935935935936,-0.025728081205844973,0.06906018191823063
15.955955955955956,-0.02459184787109125,0.07803559085311935
15.975975975975976,-0.023281572861708334,0.06950961705294224
15.995995995995996,-0.029573840779529032,0.06710289847793655
16.016016016016017,-0.022096903960025376,0.07471820222182474
16.036036036036037,-0.021795438954360914,0.06814092941018786
16.056056056056057,-0.019207338293491756,0.0715391185917403
16.076076076076077,-0.01737693050892879,0.07384311963542114
16.096096096096097,-0.016857466986633842,0.0741891646388391
16.116116116116117,-0.01314763821070543,0.06588462526214581
16.136136136136138,-0.019796235392039896,0.07840495894008494
16.156156156156158,-0.015187938633195,0.0703323297736198
16.176176176176178,-0.016488334216986675,0.08270402519037236
16.196196196196198,0.0030361531765897565,0.08449285620270422
16.216216216216218,-0.01425273776890475,0.07306404083754303
16.236236236236238,0.0015014959398446182,0.08136665580034592
16.256256256256258,-0.009060108355193627,0.07234121006555072
16.276276276276278,-0.01009357157225324,0.07619865996533874
16.296296296296298,-0.005748303704061379,0.06525703614314675
16.316316316316318,5.8788922482713854e-05,0.06499851856126294
16.336336336336338,0.004017245420790069,0.052617822741886935
16.356356356356358,0.003270198648535599,0.061336811876023134
16.376376376376378,0.00013378819385176984,0.07625291436126029
16.396396396396398,0.006509222902212336,0.07314005009103873
16.416416416416418,0.009931450780059694,0.07240637942619935
16.436436436436438,0.00855834178153999,0.047151782270195196
16.456456456456458,0.007130985311273752,0.05507290574362815
16.476476476476478,0.009365433557595334,0.06465732842054879
16.496496496496498,0.015563584347694363,0.05238962180578923
16.516516516516518,0.008074546886699797,0.06595874630778456
16.536536536536538,0.018730395764031536,0.058496227716777566
16.556556556556558,0.017969729230304404,0.056732400959053964
16.576576576576578,0.024404944546293918,0.04495482305741246
16.596596596596598,0.023225247580087035,0.06890735704181199
16.616616616616618,0.016817515433365335,0.04450022007286556
16.636636636636638,0.01981038976933919,0.032900205941745544
16.656656656656658,0.024947006309893653,0.06375419679578254
16.676676676676678,0.018324371190996336,0.03191964841946049
16.696696696696698,0.025721425949388116,0.03790077669651963
16.716716716716718,0.02179179783235491,0.03466937501845866
16.736736736736738,0.02071103339530927,0.04964403620785958
16.756756756756758,0.028694653386064122,0.04043556071050347
16.776776776776778,0.02515505089023598,0.024351436370595857
16.796796796796798,0.024108095268009545,0.03457679417884534
16.816816816816818,0.022509038068279287,0.023815325223699578
16.836836836836838,0.0324377963855089,0.019792598557215862
16.856856856856858,0.02822412995213967,-0.007100170881028534
16.876876876876878,0.019844032176130677,0.005989165735129366
16.896896896896898,0.028878438315356313,0.0015802970869543114
16.916916916916918,0.02987141109570155,0.008473738077455347
16.936936936936938,0.032219421643539206,0.00323247827337526
16.956956956956958,0.034352943749200254,0.013595394597847123
16.976976976976978,0.029099716048208435,-0.010893259089942008
16.996996996996998,0.02912239190268965,0.0008506021725332175
17.017017017017018,0.02947100020415592,-0.021068651677668575
17.037037037037038,0.02199623612040359,-0.01432926164433877
17.057057057057058,0.038447016967761996,-0.0012872515395342052
17.077077077077078,0.027629650660365872,0.003716130638415742
17.097097097097098,0.02821907174900722,-0.016056178526216165
17.117117117117118,0.031156385012094452,-0.012085258690965559
17.137137137137138,0.015043873374623283,-0.037233009337774875
17.157157157157158,0.026206052058325383,-0.01326462723911798
17.177177177177178,0.03003467383444344,-0.022384383659067475
17.197197197197198,0.033592743129019276,0.000892624665953641
17.217217217217218,0.025352354830273257,-0.04184578027710561
17.237237237237238,0.026985491106559668,-0.04162061102894144
17.25725725725726,0.02516393506044323,-0.050870703440458576
17.27727727727728,0.02426718662762816,-0.025040504379752353
17.2972972972973,0.019098225764449802,-0.04386635627732829
17.31731731731732,0.015022391763610069,-0.039208294225255735
17.33733733733734,0.014795122030493055,-0.05581351244901119
17.35735735735736,0.01665999850485278,-0.06447341481564683
17.37737737737738,0.016316284098305836,-0.04209553019357819
17.3973973973974,0.01695104788213014,-0.03731735423683922
17.41741741741742,0.0198587342556884,-0.052268412431943384
17.43743743743744,0.014011980863335457,-0.04510787897538747
17.45745745745746,0.012941366150435714,-0.03930547840195932
17.47747747747748,0.018116089095748005,-0.052091309612780294
17.4974974974975,0.011155034269626472,-0.05890680968980731
17.51751751751752,0.013797580916364105,-0.04140758181942423
17.53753753753754,0.005308576443097704,-0.06654293324923959
17.55755755755756,0.01659726727631368,-0.034089316439238376
17.57757757757758,0.0067364113614960565,-0.06985194527502978
17.5975975975976,0.010187111348897935,-0.04468045473080997
17.61761761761762,0.010914337934836992,-0.06199562033604791
17.63763763763764,0.007810078286143617,-0.07246152730068307
17.65765765765766,0.005387961542850532,-0.050755364434058745
17.67767767767768,0.0022338442160514515,-0.046691001100574406
17.6976976976977,0.0009363548413112471,-0.05822233961369878
17.71771771771772,0.004438456156656452,-0.052328277568035216
17.73773773773774,-0.007831850673746504,-0.05127912195325772
17.75775775775776,-0.004055700175413492,-0.05314814403402401
17.77777777777778,-0.006566260479315598,-0.04822941106262111
17.7977977977978,-0.015615057676431565,-0.05444107606805038
17.81781781781782,-0.010475332199386093,-0.050995508090672416
17.83783783783784,-0.014582628242239763,-0.038009652168120855
17.85785785785786,-0.0024632138064503463,-0.0373620060135991
17.87787787787788,-0.006293723092402335,-0.0702786069570124
17.8978978978979,-0.0125795185099327,-0.028871419023766984
17.91791791791792,-0.01162997708112236,-0.042317621270762475
17.93793793793794,-0.009561695340577265,-0.04858984202735456
17.95795795795796,-0.00851928391510155,-0.0509219539904181
17.97797797797798,-0.011651853775163186,-0.035918422128202225
17.997997997998,-0.02519339654165255,-0.049849441888054805
18.01801801801802,-0.01847922067433566,-0.04097285678325731
18.03803803803804,-0.01705106377035492,-0.05328468638374939
18.05805805805806,-0.016992518274899424,-0.015775776501589064
18.07807807807808,-0.011966783152293223,-0.03164240356699861
18.0980980980981,-0.02015473161396064,-0.03109022736732065
18.11811811811812,-0.008707805331376228,-0.026008112931700935
18.13813813813814,-0.02133943783582356,-0.01412415251435903
18.15815815815816,-0.010230849427673105,-0.01743282193220812
18.17817817817818,-0.016963723467032652,-0.017069352578819533
18.1981981981982,-0.021554889378353995,-0.01182799241011943
18.21821821821822,-0.023297440532066865,-0.02255820417299878
18.23823823823824,-0.014519869144003623,-0.003765416857180303
18.25825825825826,-0.013565978304048508,-0.02008402443366058
18.27827827827828,-0.0162160798222756,-0.023323716887986096
18.2982982982983,-0.021815001284078376,-0.007391331500185588
18.31831831831832,-0.022790800200970917,-0.0003141826002942367
18.33833833833834,-0.024123388146977662,0.0081491864198963
18.35835835835836,-0.02107683598583549,-0.0014125598514481419
18.37837837837838,-0.02101524210031763,0.011853472631427605
18.3983983983984,-0.018783638714170516,0.022108820240072338
18.41841841841842,-0.020972108887972598,-0.001808901836505626
18.43843843843844,-0.021793013557672478,0.020248225820168123
18.45845845845846,-0.021131893970412124,-0.0004695013243796557
18.47847847847848,-0.02053504880568344,-0.00020252453115497844
18.4984984984985,-0.020905796907913533,0.015905800215321758
18.51851851851852,-0.023909503098644105,0.02990841401540189
18.53853853853854,-0.016418309461620567,0.01502513953693942
18.55855855855856,-0.02260781647872373,0.019144933859903058
18.57857857857858,-0.02290285777051268,0.01241171958312913
18.5985985985986,-0.018285896113471263,0.027390858609078444
18.61861861861862,-0.011003751234550534,0.028492708611635664
18.63863863863864,-0.017023107931748976,0.032734110379891504
18.65865865865866,-0.013708942892024104,0.02486561295419724
18.67867867867868,-0.02062170658198472,0.015294943875329287
18.6986986986987,-0.0172812981533096,0.028868365670444384
18.71871871871872,-0.01070890416655593,0.034245677538341124
18.73873873873874,-0.019598728955569168,0.02315522060877603
18.75875875875876,-0.014424023359125059,0.033396024608072915
18.77877877877878,-0.01638768168906897,0.03721778468147678
18.7987987987988,-0.0218531116287762,0.028117007264483178
18.81881881881882,-0.01811561975865067,0.03477230667849065
18.83883883883884,-0.005750617276957559,0.032873836739644585
18.85885885885886,-0.018338189233082093,0.05476474009606233
18.87887887887888,0.00021166437753743217,0.019967840061581282
18.8988988988989,-0.006501286782169262,0.058401349125529474
18.91891891891892,-0.011148074592304326,0.01900612149455384
18.93893893893894,-0.004024918999934478,0.025214004457213824
18.95895895895896,-0.004030891258369947,0.038275044348418615
18.97897897897898,0.0029155891843116004,0.03971054157701865
18.998998998999,-7.111141331244981e-05,0.022495993912712856
19.01901901901902,-0.009263018507970316,0.03874003365688199
19.03903903903904,-0.0005182987957847432,0.04859392682780934
19.05905905905906,-0.00827826485419394,0.04031283231135982
19.07907907907908,-9.069957481425443e-05,0.022659569760774552
19.0990990990991,-0.008643660709766996,0.03929431442348561
19.11911911911912,-0.00046506818315026276,0.05028158398693156
19.13913913913914,-0.0019716781612237238,0.03545881993626591
19.15915915915916,-0.00987098804569794,0.033431026504491895
19.17917917917918,0.0028319824576757613,0.03603440977960524
19.1991991991992,-0.0009658293006300656,0.028630286956388522
19.21921921921922,0.0017682951518473344,0.03827252508863827
19.23923923923924,0.007196619888111988,0.028724944906273298
19.25925925925926,-0.0008039840004005292,0.046820819279607816
19.27927927927928,0.00998165810015909,0.03463599175101008
19.2992992992993,0.008249323288558819,0.028184290477624056
19.31931931931932,0.0032583774424298087,0.04330704987322752
19.33933933933934,0.003587642025038689,0.027180037147246403
19.35935935935936,0.006947410491706327,0.023357143641675217
19.37937937937938,0.002759261164981877,0.03934729258570409
19.3993993993994,0.011419354438085748,0.03268950432717992
19.41941941941942,0.014124223852361444,0.03132182269998847
19.43943943943944,0.01241811692499797,0.04191405108872767
19.45945945945946,0.009807594347020578,0.019616888061907464
19.47947947947948,0.011247270723845827,0.018947819899499153
19.4994994994995,0.011672134939788106,0.015846472013563533
19.51951951951952,0.01942014351159603,0.02892315520821754
19.53953953953954,0.012096220897697742,0.013400456499671119
19.55955955955956,0.017500240069255685,0.015451497963541151
19.57957957957958,0.009962683728548062,-0.0024051822568750512
19.5995995995996,0.009295910881647237,0.037069243558254195
19.61961961961962,0.010484598810519498,0.01274161168543064
19.63963963963964,0.009488804807374707,0.019271633147709986
19.65965965965966,0.0166097426185189,0.0028498795935965795
19.67967967967968,0.008170094995911181,-0.00449421585135827
19.6996996996997,0.011709337486616905,-0.004866903651533229
19.71971971971972,0.018473107217482826,-0.00423718997927814
19.73973973973974,0.012189102610349327,0.016604276768380888
19.75975975975976,0.013291770866010555,0.003597592290679124
19.77977977977978,0.011830303646165252,0.015134516875491095
19.7997997997998,0.01174896121466638,0.0049236398084742125
19.81981981981982,0.0040371500486245954,-0.008099962484242135
19.83983983983984,0.017720996827282218,0.002226852465243504
19.85985985985986,0.016660979309463874,0.014510125392084773
19.87987987987988,0.014596486480884753,-0.0034873527826350696
19.8998998998999,0.012140023126931885,-0.0124720027966382
19.91991991991992,0.012466494677670338,0.002017723697539371
19.93993993993994,0.017297530477907882,-0.018702001939810673
19.95995995995996,0.009364477249836535,-0.007411544134637103
19.97997997997998,0.004885380927295542,-0.03292964976631319
20.0,0.010099543306596298,-0.0256767418003834
